{
    "task_id": 35,
    "score": 10.066563725237087,
    "total_return": -0.20970176818284464,
    "max_drawdown": 0.27678605600794676,
    "sharpe_ratio": -8.50038791303209,
    "total_trades": 329,
    "win_rate": 0.6195652173913043,
    "params": {
        "rsi_buy_threshold": 35,
        "rsi_sell_threshold": 69,
        "macd_fast": 15,
        "macd_slow": 22,
        "macd_signal": 7,
        "atr_blackswan_mult": 3.8624,
        "grid_layers": 4,
        "grid_buffer": 0.0305,
        "grid_readjust": 0.0492
    }
}