{
    "task_id": 23,
    "score": 15.543708495170677,
    "total_return": -0.36663111038707014,
    "max_drawdown": 0.4531567254444946,
    "sharpe_ratio": -12.375456107267583,
    "total_trades": 1079,
    "win_rate": 0.5866900175131349,
    "params": {
        "rsi_buy_threshold": 26,
        "rsi_sell_threshold": 68,
        "macd_fast": 10,
        "macd_slow": 27,
        "macd_signal": 10,
        "atr_blackswan_mult": 3.9749,
        "grid_layers": 7,
        "grid_buffer": 0.0167,
        "grid_readjust": 0.0521
    }
}