{
    "task_id": 55,
    "score": -1.4604116572700003,
    "total_return": -0.14604116572700004,
    "max_drawdown": 0.1509034175268327,
    "sharpe_ratio": -22.07619132356919,
    "total_trades": 608,
    "win_rate": 0.4673469387755102,
    "params": {
        "rsi_buy_threshold": 26,
        "rsi_sell_threshold": 79,
        "macd_fast": 9,
        "macd_slow": 30,
        "macd_signal": 10,
        "atr_blackswan_mult": 3.1696,
        "grid_layers": 3,
        "grid_buffer": 0.0323,
        "grid_readjust": 0.0662
    }
}